{"cameraMode":{"drawMode":0,"name":"Shaded","section":"Shading Mode"},"sceneLighting":false,"audioPlay":false,"sceneViewState":{"showFog":true,"showMaterialUpdate":true,"showSkybox":true,"showFlares":true,"showImageEffects":true,"showParticleSystems":true},"in2DMode":false,"pivot":{"x":0.0006894469261169434,"y":-0.0045119524002075199,"z":0.0},"rotation":{"x":0.487944632768631,"y":0.0562247671186924,"z":-0.03151630982756615,"w":0.870491623878479},"size":12.101045608520508,"orthographic":true}