{"cameraMode":{"drawMode":0,"name":"Shaded","section":"Shading Mode"},"sceneLighting":true,"audioPlay":false,"sceneViewState":{"showFog":true,"showMaterialUpdate":false,"showSkybox":true,"showFlares":true,"showImageEffects":true,"showParticleSystems":true},"in2DMode":false,"pivot":{"x":0.44775390625,"y":-0.2666015625,"z":-1.96142578125},"rotation":{"x":0.038365308195352557,"y":-0.03596457466483116,"z":0.001402203575707972,"w":0.9986154437065125},"size":5.058146953582764,"orthographic":true}