{"cameraMode":{"drawMode":0,"name":"Shaded","section":"Shading Mode"},"sceneLighting":true,"audioPlay":false,"sceneViewState":{"showFog":true,"showMaterialUpdate":false,"showSkybox":true,"showFlares":true,"showImageEffects":true,"showParticleSystems":true},"in2DMode":false,"pivot":{"x":-5.447012901306152,"y":-0.664931058883667,"z":-5.813680648803711},"rotation":{"x":-0.20658744871616364,"y":0.5135501027107239,"z":-0.1289449781179428,"w":-0.8227764964103699},"size":9.858447074890137,"orthographic":false}