{"cameraMode":{"drawMode":0,"name":"Shaded","section":"Shading Mode"},"sceneLighting":true,"audioPlay":false,"sceneViewState":{"showFog":true,"showMaterialUpdate":false,"showSkybox":true,"showFlares":true,"showImageEffects":true,"showParticleSystems":true},"in2DMode":false,"pivot":{"x":-0.11178544163703919,"y":-0.3105509281158447,"z":-0.10417038202285767},"rotation":{"x":-0.27046093344688418,"y":-0.012996177189052105,"z":0.0036517614498734476,"w":-0.9626363515853882},"size":12.228617668151856,"orthographic":true}