{"cameraMode":{"drawMode":0,"name":"Shaded","section":"Shading Mode"},"sceneLighting":true,"audioPlay":false,"sceneViewState":{"showFog":true,"showMaterialUpdate":false,"showSkybox":true,"showFlares":true,"showImageEffects":true,"showParticleSystems":true},"in2DMode":false,"pivot":{"x":-0.10629621893167496,"y":0.022723160684108735,"z":0.09907792508602143},"rotation":{"x":-0.23445500433444978,"y":0.1451764851808548,"z":-0.03543420881032944,"w":-0.9605723023414612},"size":14.13381576538086,"orthographic":true}