{"cameraMode":{"drawMode":0,"name":"Shaded","section":"Shading Mode"},"sceneLighting":true,"audioPlay":false,"sceneViewState":{"showFog":true,"showMaterialUpdate":false,"showSkybox":true,"showFlares":true,"showImageEffects":true,"showParticleSystems":true},"in2DMode":false,"pivot":{"x":-0.01038704626262188,"y":0.00016307830810546875,"z":-0.05911306291818619},"rotation":{"x":0.24144144356250764,"y":0.3064976930618286,"z":-0.08068085461854935,"w":0.9172000288963318},"size":8.517780303955079,"orthographic":true}