{"cameraMode":{"drawMode":0,"name":"Shaded","section":"Shading Mode"},"sceneLighting":false,"audioPlay":false,"sceneViewState":{"showFog":true,"showMaterialUpdate":false,"showSkybox":true,"showFlares":true,"showImageEffects":true,"showParticleSystems":true},"in2DMode":false,"pivot":{"x":18.950000762939454,"y":0.0,"z":-9.039999961853028},"rotation":{"x":0.31088799238204958,"y":0.5709195137023926,"z":-0.24699290096759797,"w":0.7186056971549988},"size":4.286825656890869,"orthographic":false}