{"cameraMode":{"drawMode":0,"name":"Shaded","section":"Shading Mode"},"sceneLighting":true,"audioPlay":false,"sceneViewState":{"showFog":true,"showMaterialUpdate":false,"showSkybox":true,"showFlares":true,"showImageEffects":true,"showParticleSystems":true},"in2DMode":false,"pivot":{"x":-9.724526405334473,"y":18.342180252075197,"z":-5.023291110992432},"rotation":{"x":0.5417065024375916,"y":0.1330830454826355,"z":-0.08734574168920517,"w":0.8253567814826965},"size":11.876936912536621,"orthographic":false}