{"cameraMode":{"drawMode":0,"name":"Shaded","section":"Shading Mode"},"sceneLighting":true,"audioPlay":false,"sceneViewState":{"showFog":true,"showMaterialUpdate":false,"showSkybox":true,"showFlares":true,"showImageEffects":true,"showParticleSystems":true},"in2DMode":false,"pivot":{"x":4.411249160766602,"y":3.80078125,"z":-0.2532958984375},"rotation":{"x":-0.07164549827575684,"y":0.8932353854179382,"z":-0.15369659662246705,"w":-0.4163830280303955},"size":23.08151626586914,"orthographic":true}