{"cameraMode":{"drawMode":0,"name":"Shaded","section":"Shading Mode"},"sceneLighting":true,"audioPlay":false,"sceneViewState":{"showFog":true,"showMaterialUpdate":false,"showSkybox":true,"showFlares":true,"showImageEffects":true,"showParticleSystems":true},"in2DMode":false,"pivot":{"x":4.719944953918457,"y":1.181192398071289,"z":0.49423980712890627},"rotation":{"x":0.31088799238204958,"y":0.5709195137023926,"z":-0.24699290096759797,"w":0.7186056971549988},"size":23.08151626586914,"orthographic":false}